Abel, Absolard, Absolet, Achene, Adair, Adalard, Adam, Adeber, Adel, Adric, Adrien, Adrone, Aelwin, Ailex, Aillard, Aime, Aimeric, Ajac, Alabane, Alaird, Albec, Albense, Albert, Aldouin, Aleron, Alexain, Alexis, Alfred, Alinon, Alesace, Alessio, Alezan, Allan, Allunen, Alois, Alouis, Alphaury, Alphonse, Altair, Altus, Alvuin, Amable, Amadour, Amaury, Amelus, Amiberl, Anatole, Ancus, Andbert, Andre, Andrec, Androche, Androne, Angof, Annibal, Antonin, Aphaurin, Aphren, Arbert, Archimbert, Archimbide, Ardvar, Aresin, Aribert, Armel, Arnand, Arnauld, Arnitole, Arno, Arnoth, Arnousten, Arphevic, Arthur, Asard, Athanin, Athel, Atroque, Aubaud, Auberic, Aude, Audremard, Auglard, Aveberl, Avent, Averio, Balik, Balin, Banyrick, Bartram, Baryctor, Basile, Basilien, Bastien, Bazler, Beaubel, Beaunois, Bedastair, Begnaud, Beletin, Benjamin, Benjamund, Benjamyn, Benoit, Benry, Beran, Beric, Berjamund, Belic, Bendais, Berjo, Bernard, Bernardine, Bertran, Beryn, Birin, Bistrand, Blasius, Blithe, Boeuf, Bradon, Brendou, Brenvale, Bric, Bruc, Brulo, Brunile, Bruno, Brussec, Buneau, Burton, Cahusque, Calden, Calis, Calixte, Canollot, Caoiss, Cantier, Casimir, Cavot, Celann, Celnard, Cesamund, Cesir, Chantot, Charlemic, Charlemund, Charleric, Charles, Charques, Chedric, Chervain, Chrismin, Christoph, Christophe, Churley, Cimon, Claude, Claumin, Clement, Cogline, Colby, Coliinean, Colwin, Colyn, Condier, Condrenn, Cordier, Corentin, Corlas, Corwyn, Craig, Crenard, Cyntoine, Cyrill, Dantoine, Dacele, Daimbert, Dalenc, Damien, Danders, Danforth, Daniel, Dantoine, Danual, Danwyche, Darcy, Daribert, Dariel, Darien, Daro, Darrel, Darren, Darric, Darron, Darryn, Darvell, Darvill, Davide, Davier, Davyd, Degaratien, Densil, Derrell, Destaine, Destane, Deverak, Deveral, Dhalen, Didier, Dilan, Dimitri, Donnel, Donoven, Dorand, Dore, Dorel, Doumont, Dracien, Dran, Draven, Drivien, Duncan, Dunimond, Dyric, Ealis, Edain, Edgar, Edmond, Edmund, Edouard, Edreld, Edric, Edrien, Edryg, Edweg, Elbert, Eliam, Ellic, Elmonde, Eloic, Eltrys, Emeric, Emile, Emiliard, Emmandic, Emmerard, Emnard, Emory, Emoryan, Endemel, Ennemond, Ennic, Ennoc, Enri, Enrick, Erind, Ernard, Ernele, Ernirus, Erold, Escabert, Escamel, Esquier, Esteve, Estien, Estienn, Ethian, Etiache, Evien, Evinn, Evrart, Fabermund, Fabrice, Farel, Farienr, Felgol, Felyx, Ferrand, Filbert, Finious, Florenot, Fonten, Fontenot, Franck, Francynak, Franque, Frederic, Frederuno, Frencque, Frilan, Frizwyr, Frugo, Fugues, Gabin, Gaboryan, Gabrien, Gabryel, Gadsten, Gaffer, Gailen, Gaillard, Ganet, Garbert, Garron, Garth, Garvey, Gascone, Gasparien, Gastau, Gasteau, Gaven, Gavin, Gavos, Gavric, Gawayne, Gedric, Gelem, Gelvin, Gennove, Geonard, Gepelem, Geraid, Geraud, Geric, Gernaud, Gerrald, Gessure, Gib, Gidric, Gilbert, Ginus, Giorges, Gitienne, Glaubert, Gondistair, Gordon, Gordyn, Graham, Grancis, Grandeau, Granden, Gregory, Grobert, Grubert, Grugues, Gryf, Gudyn, Guildner, Guitaut, Guymund, Guyseph, Halar, Hamelyn, Handyn, Hannibal, Harald, Harbin, Hareld, Haskill, Hastrel, Henrien, Herane, Hercian, Heron, Herric, Hescot, Hierot, Hilaire, Holbert, Hoster, Hubert, Huet, Hughes, Hulbert, Idaron, Igleric, Ignobert, Ilyes, Ilzo, Inwold, Irbran, Irin, Irnand, Jac, Jacmund, Jacques, Jadien, Jakarn, Jansen, Janvin, Jarnot, Jascien, Jasper, Javiel, Jean-Jacques, Jeanrobin, Jend, Jerall, Jeraud, Jeremie, Jergerd, Jerian, Jernald, Jeromec, Jerromec, Jesper, Jimy, Joheric, Joile, Jollivet, Jonah, Jorden, Jorvuld, Jossen, Jowan, Juberic, Julles, Kalhot, Kalin, Kareem, Karic, Kasorayn, Kasynac, Kasynak, Kathad, Kathner, Kauric, Kellis, Kelmen, Kilian, Kip, Kirk, Krasdore, Kurt, Ladlow, Lanarde, Landal, Lanobert, Laroche, Lauric, Laurient, Lazare, Leclaude, Len, Leo, Leobert, Leobois, Leon, Leonaud, Leseph, Lestault, Lewin, Leynard, Liam, Lionel, Lisien, Listien, Lonel, Lorant, Lort, Louard, Loupel, Louveau, Luc, Lucien, Ludovic, Lurelien, Lyam, Maecald, Maldred, Manolos, Marbet, Marc, Marcel, Marchel, Marco, Marcoryan, Marg, Marjaques, Marnest, Marone, Marrec, Martin, Martine, Mavus, Mathieu, Mathon, Mathys, Matthew, Matthiaume, Matthieu, Matys, Maul, Maxelot, Maxien, Maxim, Mebestien, Mederic, Melflen, Menehl, Menoit, Merien, Merten, Merthyval, Merton, Michaniel, Michebert, Micholas, Mirten, Mivier, Morric, Mortine, Morvan, Morven, Munche, Muran, Myric, Nael, Nak'tah, Nathaniel, Nellic, Nemic, Nepas, Nicholas, Nicolard, Nilas, Nirine, Nivos, Noah, Nolien, Noloen, Nombert, Nompar, Octin, Octivien, Odei, Odvan, Olwin, Omistyr, Ondre, Onfroi, Ordante, Ormax, Orrard, Orvel, Osbert, Oscard, Otten, Ouard, Oubelic, Ourson, Owayine, Owen, Parelle, Parquier, Parsifal, Pascal, Pascual, Patraud, Paulemond, Paulin, Pavel, Percy, Perrine, Perrot, Perry, Perryn, Peryn, Phaistyr, Phane, Phelain, Phelibert, Philien, Philimac, Phinis, Pieron, Pierrand, Pierrant, Pierric, Pierrie, Pilou, Piper, Porthippe, Portic, Praxin, Quentin, Quentyn, Quintor, Quistley, Raldan, Rallaume, Ramis, Ranes, Ranser, Raolin, Raylen, Reges, Remard, Remic, Remius, Renald, Renard, Renardou, Renchant, Renoit, Renko, Rerlas, Reynald, Reynard, Reynaud, Richard, Richarde, Richien, Richion, Richon, Ricque, Robert, Robier, Robyn, Rocheric, Rodednain, Rodmand, Rodolphe, Rodynak, Rogerain, Rogeraud, Rogeric, Rogier, Rogolphe, Rohlbert, Roland, Rolbert, Romain, Rurestian, Sadun, Salach, Salazar, Samiel, Sammis, Samuel, Sarvith, Sebastian, Serge, Sernays, Serrien, Severin, Silas, Simine, Siminence, Sirion, Skerard, Solumor, Sorais, Soran, Sosil, Spencer, Stefan, Stenwick, Stephenn, Stephile, Sternis, Stibbons, Stral, Strastnoc, Sunel, Suriel, Sutler, Sylvain, Syndelius, Tamien, Telfour, Tetra, Tevenot, Theobald, Theophile, Therich, Therron, Thibauld, Thibault, Thibierry, Thibret, Thomase, Tildus, Tilgo, Timmon, Timothee, Tobin, Tolwin, Tom, Topheric, Torvic, Tourvic, Treves, Trierre, Tryste, Tsiniuc, Turenn, Tynan, Tyree, Ulvenbec, Usquebald, Usquenot, Utheccan, Vaford, Valcent, Valentois, Valentyn, Vallis, Vance, Varaine, Vardan, Varis, Varnauld, Vaurice, Velan, Veletin, Ven, Vencobert, Verdrey, Verel, Verney, Veronard, Verrik, Vertrand, Vicmond, Victraud, Vignac, Vilhim, Vincein, Virgeraud, Virgile, Vontan, Vorthag, Vyctor, Vyrois, Weylin, Wilkes, Willem, William, Wylon, Wynn, Xandier, Xavippe, Yanis, Ylvandre, Yncien, Yngwie, Yugene, Yves, Zacharie, Zaros, Zavierry, Zavour, Zibaran